뉴스 식별자,일자,언론사,기고자,제목,본문,URL
02100801.20220103100000001,20220103,뉴스1,편집국,[인사] 뉴스1,"◆ 뉴스1
<승진>
△건설부동산부 차장 김희준(abc@news1.kr)
△정치부 차장 박성원
△금융부 차장대우 임수빈
<전보>
△산업1부 부장 홍길동
△사회부 기자 이진우
",https://www.news1.kr/articles/sample001
01100201.20220105100000002,20220105,중앙일보,인사담당,중앙일보 인사,"◇ 중앙일보
▲사회부 기자 김희준(xyz@joongang.co.kr)
▲정치부 차장 이영희
▲경제부 부장 장동건
▲IT과학부 기자 한지민
",https://www.joongang.co.kr/sample002
01100101.20220210100000003,20220210,조선일보,편집국,[인사] 조선일보사,"◆ 조선일보
◇승진
△정치부 차장 이영희(yh_lee@chosun.com)
△사회부 부장 송중기
△국제부 차장대우 전지현
◇전보
△문화부장 권상우
",https://www.chosun.com/sample003
02100701.20220315100000004,20220315,매일경제,인사팀,[인사] 매일경제신문사,"■ 매일경제
<승진>
△금융부 기자 박철수(cs_park@mk.co.kr)
△증권부 차장 김민수
<보임>
△유통경제부장 손흥민
",https://www.mk.co.kr/sample004
02100801.20230102100000005,20230102,뉴스1,편집국,[인사] 뉴스1,"◆ 뉴스1
◇승진
△건설부동산부 부장 김희준(abc@news1.kr)
△정치부장 박성원
△바이오부 차장 임수빈
◇전보
△디지털뉴스부장 홍길동
",https://www.news1.kr/articles/sample005
01100101.20230201100000006,20230201,조선일보,인사팀,[인사] 조선일보,"◆ 조선일보
<승진>
▲정치부 부장 이영희(yh_lee@chosun.com)
▲산업부 부장 송중기
▲사회1부 차장 이진우
",https://www.chosun.com/sample006
02100701.20230410100000007,20230410,매일경제,편집국,매일경제신문 인사,"◇ 매일경제
△증권부 차장 박철수(cs_park@mk.co.kr)
△중기벤처부 부장 김민수
△디지털콘텐츠부 차장대우 황희찬
",https://www.mk.co.kr/sample007
01100301.20230620100000008,20230620,동아일보,인사팀,[인사] 동아일보사,"◆ 동아일보
<보직 및 승진>
△IT과학부 차장 최민호
△문화부 차장대우 강수진
△사회부 기자 구교환
",https://www.donga.com/sample008
02100601.20240108100000009,20240108,한국경제,인사국,[인사] 한국경제신문사,"◆ 한국경제
<보임 및 전보>
△부동산부 부장 김희준(abc@hankyung.com)
△금융부장 이재용
△마켓총괄부 에디터 정우성
<승진>
△IT과학부 차장 박보검
",https://www.hankyung.com/sample009
01100201.20240115100000010,20240115,중앙일보,인사팀,[인사] 중앙일보,"◇ 중앙일보
▲사회부 차장대우 김희준(xyz@joongang.co.kr)
▲정치부 부장 장동건
▲경제부 차장 한지민
▲논설위원실 논설위원 공유
",https://www.joongang.co.kr/sample010
01100301.20240212100000011,20240212,동아일보,편집국,[인사] 동아일보,"◆ 동아일보
<보직>
△정치부 부장 이영희(yh_lee@donga.com)
△산업부 부장 최민호
△문화부 차장대우 강수진
△출판국장 유재석
",https://www.donga.com/sample011
02100501.20240305100000012,20240305,서울경제,인사총괄,[인사] 서울경제신문,"◇ 서울경제
<선임>
△금융부 부장 박철수(cs_park@sedaily.com)
△증권부 차장 김민수
△디지털미디어센터장 이정재
",https://www.sedaily.com/sample012
08100101.20240401100000013,20240401,연합뉴스,미디어팀,[인사] 언론사 종합 (헤럴드경제 / 한국일보),"◆ 헤럴드경제
△건설부동산부 차장대우 오세훈
△산업1부 부장 마동석

◆ 한국일보
<승진>
△문화부 차장 강수진
△정치부 부국장대우 조승우
△논설위원실 논설위원 홍길동
",https://www.yna.co.kr/sample013
